-- ============================================================
-- Smart Discount Recommender — Database Seed Script
-- Run: psql -U <user> -d <db> -f server/seed.sql
-- All passwords: password123
-- ============================================================

BEGIN;

-- Clean existing data (order respects FK constraints)
DELETE FROM sales;
DELETE FROM products;
DELETE FROM categories;
DELETE FROM shops;
DELETE FROM users;

-- ============================================================
-- 1. USERS  (insert without shopId first; shopId set after shop)
-- ============================================================
-- All passwords: password123
-- Admin (shop owner) — no shopId yet; set after shop creation
INSERT INTO users (id, "fullName", email, password, "contactNumber", role, "isActive", "isSuspended", "createdAt", "updatedAt", "lastLoginTime")
VALUES (
  'b0000000-0000-0000-0000-000000000001',
  'Rahul Sharma',
  'rahul@techmart.com',
  '$argon2id$v=19$m=65536,t=3,p=4$yFBbPuQ2oRpQ8bT+SSTKuQ$xJxi99l9H7cRqXufs78bBmPOzpWJZ75xeeqGGFh8Ays',
  '9876543210',
  'ADMIN',
  true,
  false,
  '2026-04-01 09:00:00+05:30',
  '2026-06-01 18:30:00+05:30',
  '2026-06-02 08:15:00+05:30'
);

-- Manager
INSERT INTO users (id, "fullName", email, password, "contactNumber", role, "isActive", "isSuspended", "createdAt", "updatedAt", "lastLoginTime")
VALUES (
  'b0000000-0000-0000-0000-000000000002',
  'Priya Patel',
  'priya@techmart.com',
  '$argon2id$v=19$m=65536,t=3,p=4$p6x0UgvqagZpukntgM8SLg$vPATzpOku9ADXmFVaVeibnsyBiOyEpkoZLBtk/5f7hs',
  '9876543211',
  'MANAGER',
  true,
  false,
  '2026-04-05 10:00:00+05:30',
  '2026-05-30 16:45:00+05:30',
  '2026-06-01 09:30:00+05:30'
);

-- Staff
INSERT INTO users (id, "fullName", email, password, "contactNumber", role, "isActive", "isSuspended", "createdAt", "updatedAt", "lastLoginTime")
VALUES (
  'b0000000-0000-0000-0000-000000000003',
  'Amit Singh',
  'amit@techmart.com',
  '$argon2id$v=19$m=65536,t=3,p=4$DVlCYXf1mOMDAapVTlpabQ$ZjI19v+e0+Yyt/W+tL5lL+k3WEAu9btFArR96No6yEE',
  '9876543212',
  'STAFF',
  true,
  false,
  '2026-04-10 11:00:00+05:30',
  '2026-05-28 14:20:00+05:30',
  '2026-05-20 10:00:00+05:30'
);

-- ============================================================
-- 2. SHOP  (now ownerId FK is valid)
-- ============================================================
INSERT INTO shops (id, name, "ownerId")
VALUES (
  'a0000000-0000-0000-0000-000000000001',
  'TechMart Electronics',
  'b0000000-0000-0000-0000-000000000001'
);

-- Link admin user to the shop
UPDATE users SET "shopId" = 'a0000000-0000-0000-0000-000000000001'
WHERE id = 'b0000000-0000-0000-0000-000000000001';

-- Link manager and staff to the shop
UPDATE users SET "shopId" = 'a0000000-0000-0000-0000-000000000001'
WHERE id IN ('b0000000-0000-0000-0000-000000000002', 'b0000000-0000-0000-0000-000000000003');

-- ============================================================
-- 3. CATEGORIES
-- ============================================================
INSERT INTO categories (id, name, "shopId") VALUES
  ('c0000000-0000-0000-0000-000000000001', 'Electronics',       'a0000000-0000-0000-0000-000000000001'),
  ('c0000000-0000-0000-0000-000000000002', 'Clothing & Fashion', 'a0000000-0000-0000-0000-000000000001'),
  ('c0000000-0000-0000-0000-000000000003', 'Groceries & Food',  'a0000000-0000-0000-0000-000000000001'),
  ('c0000000-0000-0000-0000-000000000004', 'Home & Kitchen',    'a0000000-0000-0000-0000-000000000001'),
  ('c0000000-0000-0000-0000-000000000005', 'Books & Media',     'a0000000-0000-0000-0000-000000000001');

-- ============================================================
-- 4. PRODUCTS
-- ============================================================
INSERT INTO products (id, name, price, "stockQty", "categoryId", "shopId") VALUES
  ('d0000000-0000-0000-0000-000000000001', 'Wireless Bluetooth Headphones', 2499.00,  8, 'c0000000-0000-0000-0000-000000000001', 'a0000000-0000-0000-0000-000000000001'),
  ('d0000000-0000-0000-0000-000000000002', 'USB-C Multiport Hub',            899.00,  42, 'c0000000-0000-0000-0000-000000000001', 'a0000000-0000-0000-0000-000000000001'),
  ('d0000000-0000-0000-0000-000000000003', 'Portable Bluetooth Speaker',    1999.00,   5, 'c0000000-0000-0000-0000-000000000001', 'a0000000-0000-0000-0000-000000000001'),
  ('d0000000-0000-0000-0000-000000000004', 'Adjustable Laptop Stand',       1499.00,   3, 'c0000000-0000-0000-0000-000000000001', 'a0000000-0000-0000-0000-000000000001'),
  ('d0000000-0000-0000-0000-000000000005', 'Premium Cotton T-Shirt',         599.00,  15, 'c0000000-0000-0000-0000-000000000002', 'a0000000-0000-0000-0000-000000000001'),
  ('d0000000-0000-0000-0000-000000000006', 'Summer Denim Jacket',           2299.00,   7, 'c0000000-0000-0000-0000-000000000002', 'a0000000-0000-0000-0000-000000000001'),
  ('d0000000-0000-0000-0000-000000000007', 'Running Shoes Pro',             3999.00,  12, 'c0000000-0000-0000-0000-000000000002', 'a0000000-0000-0000-0000-000000000001'),
  ('d0000000-0000-0000-0000-000000000008', 'Organic Green Tea',              349.00,  50, 'c0000000-0000-0000-0000-000000000003', 'a0000000-0000-0000-0000-000000000001'),
  ('d0000000-0000-0000-0000-000000000009', 'Mixed Dry Fruits Premium',       599.00,   8, 'c0000000-0000-0000-0000-000000000003', 'a0000000-0000-0000-0000-000000000001'),
  ('d0000000-0000-0000-0000-000000000010', 'Protein Energy Bars Pack',       199.00,  30, 'c0000000-0000-0000-0000-000000000003', 'a0000000-0000-0000-0000-000000000001'),
  ('d0000000-0000-0000-0000-000000000011', 'Ceramic Mug Set (4 pcs)',        799.00,  20, 'c0000000-0000-0000-0000-000000000004', 'a0000000-0000-0000-0000-000000000001'),
  ('d0000000-0000-0000-0000-000000000012', 'LED Desk Lamp',                 1299.00,   4, 'c0000000-0000-0000-0000-000000000004', 'a0000000-0000-0000-0000-000000000001'),
  ('d0000000-0000-0000-0000-000000000013', 'JavaScript: The Good Parts',     999.00,  25, 'c0000000-0000-0000-0000-000000000005', 'a0000000-0000-0000-0000-000000000001'),
  ('d0000000-0000-0000-0000-000000000014', 'Design Patterns Illustrated',   1299.00,  10, 'c0000000-0000-0000-0000-000000000005', 'a0000000-0000-0000-0000-000000000001'),
  ('d0000000-0000-0000-0000-000000000015', 'Clean Code Handbook',            849.00,   2, 'c0000000-0000-0000-0000-000000000005', 'a0000000-0000-0000-0000-000000000001');

-- ============================================================
-- 5. SALES  (over 4 weeks: May 5 – Jun 1, 2026)
--    amount = qty × price (no discount for simplicity)
-- ============================================================
-- Product UUID shortcuts for readability
-- d001 = Headphones   d002 = USB-C Hub   d003 = Speaker
-- d004 = Laptop Stand d005 = T-Shirt      d006 = Denim Jacket
-- d007 = Running Shoes d008 = Green Tea   d009 = Dry Fruits
-- d010 = Protein Bars  d011 = Mug Set     d012 = Desk Lamp
-- d013 = JS Book       d014 = Design Ptrn d015 = Clean Code

-- Week 1: May 5 (Tue) – May 11 (Mon)
INSERT INTO sales (amount, qty, date, "productId", "shopId") VALUES
  ( 4998.00, 2, '2026-05-05 10:30:00+05:30', 'd0000000-0000-0000-0000-000000000001', 'a0000000-0000-0000-0000-000000000001'),
  ( 2697.00, 3, '2026-05-06 11:15:00+05:30', 'd0000000-0000-0000-0000-000000000002', 'a0000000-0000-0000-0000-000000000001'),
  ( 1745.00, 5, '2026-05-06 14:00:00+05:30', 'd0000000-0000-0000-0000-000000000008', 'a0000000-0000-0000-0000-000000000001'),
  ( 3999.00, 1, '2026-05-07 09:45:00+05:30', 'd0000000-0000-0000-0000-000000000007', 'a0000000-0000-0000-0000-000000000001'),
  ( 1198.00, 2, '2026-05-07 16:20:00+05:30', 'd0000000-0000-0000-0000-000000000005', 'a0000000-0000-0000-0000-000000000001'),
  ( 1999.00, 1, '2026-05-08 12:10:00+05:30', 'd0000000-0000-0000-0000-000000000003', 'a0000000-0000-0000-0000-000000000001'),
  (  796.00, 4, '2026-05-08 15:30:00+05:30', 'd0000000-0000-0000-0000-000000000010', 'a0000000-0000-0000-0000-000000000001'),
  ( 2499.00, 1, '2026-05-09 10:00:00+05:30', 'd0000000-0000-0000-0000-000000000001', 'a0000000-0000-0000-0000-000000000001'),
  ( 1998.00, 2, '2026-05-09 13:45:00+05:30', 'd0000000-0000-0000-0000-000000000013', 'a0000000-0000-0000-0000-000000000001'),
  ( 1299.00, 1, '2026-05-09 17:00:00+05:30', 'd0000000-0000-0000-0000-000000000012', 'a0000000-0000-0000-0000-000000000001'),
  ( 1797.00, 3, '2026-05-10 11:30:00+05:30', 'd0000000-0000-0000-0000-000000000005', 'a0000000-0000-0000-0000-000000000001'),
  ( 1198.00, 2, '2026-05-10 18:00:00+05:30', 'd0000000-0000-0000-0000-000000000009', 'a0000000-0000-0000-0000-000000000001');

-- Week 2: May 12 (Tue) – May 18 (Mon)
INSERT INTO sales (amount, qty, date, "productId", "shopId") VALUES
  ( 1798.00, 2, '2026-05-12 10:15:00+05:30', 'd0000000-0000-0000-0000-000000000002', 'a0000000-0000-0000-0000-000000000001'),
  (  597.00, 3, '2026-05-12 14:40:00+05:30', 'd0000000-0000-0000-0000-000000000010', 'a0000000-0000-0000-0000-000000000001'),
  ( 2499.00, 1, '2026-05-13 09:30:00+05:30', 'd0000000-0000-0000-0000-000000000001', 'a0000000-0000-0000-0000-000000000001'),
  ( 1396.00, 4, '2026-05-13 15:00:00+05:30', 'd0000000-0000-0000-0000-000000000008', 'a0000000-0000-0000-0000-000000000001'),
  ( 3999.00, 1, '2026-05-14 11:00:00+05:30', 'd0000000-0000-0000-0000-000000000007', 'a0000000-0000-0000-0000-000000000001'),
  ( 1499.00, 1, '2026-05-14 16:30:00+05:30', 'd0000000-0000-0000-0000-000000000004', 'a0000000-0000-0000-0000-000000000001'),
  ( 3998.00, 2, '2026-05-15 13:20:00+05:30', 'd0000000-0000-0000-0000-000000000003', 'a0000000-0000-0000-0000-000000000001'),
  ( 2396.00, 4, '2026-05-16 10:45:00+05:30', 'd0000000-0000-0000-0000-000000000005', 'a0000000-0000-0000-0000-000000000001'),
  (  999.00, 1, '2026-05-16 12:30:00+05:30', 'd0000000-0000-0000-0000-000000000013', 'a0000000-0000-0000-0000-000000000001'),
  ( 1299.00, 1, '2026-05-16 15:15:00+05:30', 'd0000000-0000-0000-0000-000000000014', 'a0000000-0000-0000-0000-000000000001'),
  ( 1797.00, 3, '2026-05-17 11:00:00+05:30', 'd0000000-0000-0000-0000-000000000009', 'a0000000-0000-0000-0000-000000000001'),
  (  995.00, 5, '2026-05-17 17:45:00+05:30', 'd0000000-0000-0000-0000-000000000010', 'a0000000-0000-0000-0000-000000000001');

-- Week 3: May 19 (Tue) – May 25 (Mon)
INSERT INTO sales (amount, qty, date, "productId", "shopId") VALUES
  ( 4998.00, 2, '2026-05-19 10:00:00+05:30', 'd0000000-0000-0000-0000-000000000001', 'a0000000-0000-0000-0000-000000000001'),
  (  899.00, 1, '2026-05-19 14:30:00+05:30', 'd0000000-0000-0000-0000-000000000002', 'a0000000-0000-0000-0000-000000000001'),
  ( 1999.00, 1, '2026-05-20 11:15:00+05:30', 'd0000000-0000-0000-0000-000000000003', 'a0000000-0000-0000-0000-000000000001'),
  ( 1198.00, 2, '2026-05-21 10:30:00+05:30', 'd0000000-0000-0000-0000-000000000005', 'a0000000-0000-0000-0000-000000000001'),
  ( 1047.00, 3, '2026-05-21 15:00:00+05:30', 'd0000000-0000-0000-0000-000000000008', 'a0000000-0000-0000-0000-000000000001'),
  ( 2299.00, 1, '2026-05-22 12:00:00+05:30', 'd0000000-0000-0000-0000-000000000006', 'a0000000-0000-0000-0000-000000000001'),
  ( 1299.00, 1, '2026-05-22 16:45:00+05:30', 'd0000000-0000-0000-0000-000000000012', 'a0000000-0000-0000-0000-000000000001'),
  ( 7497.00, 3, '2026-05-23 09:30:00+05:30', 'd0000000-0000-0000-0000-000000000001', 'a0000000-0000-0000-0000-000000000001'),
  (  796.00, 4, '2026-05-23 13:00:00+05:30', 'd0000000-0000-0000-0000-000000000010', 'a0000000-0000-0000-0000-000000000001'),
  ( 1198.00, 2, '2026-05-23 18:00:00+05:30', 'd0000000-0000-0000-0000-000000000005', 'a0000000-0000-0000-0000-000000000001'),
  ( 3999.00, 1, '2026-05-24 11:30:00+05:30', 'd0000000-0000-0000-0000-000000000007', 'a0000000-0000-0000-0000-000000000001'),
  ( 1198.00, 2, '2026-05-24 17:00:00+05:30', 'd0000000-0000-0000-0000-000000000009', 'a0000000-0000-0000-0000-000000000001');

-- Week 4: May 26 (Tue) – Jun 1 (Mon)
INSERT INTO sales (amount, qty, date, "productId", "shopId") VALUES
  ( 1798.00, 2, '2026-05-26 10:15:00+05:30', 'd0000000-0000-0000-0000-000000000002', 'a0000000-0000-0000-0000-000000000001'),
  ( 1745.00, 5, '2026-05-26 14:30:00+05:30', 'd0000000-0000-0000-0000-000000000008', 'a0000000-0000-0000-0000-000000000001'),
  ( 3998.00, 2, '2026-05-27 11:00:00+05:30', 'd0000000-0000-0000-0000-000000000003', 'a0000000-0000-0000-0000-000000000001'),
  (  849.00, 1, '2026-05-27 16:00:00+05:30', 'd0000000-0000-0000-0000-000000000015', 'a0000000-0000-0000-0000-000000000001'),
  ( 2499.00, 1, '2026-05-28 09:45:00+05:30', 'd0000000-0000-0000-0000-000000000001', 'a0000000-0000-0000-0000-000000000001'),
  ( 1797.00, 3, '2026-05-29 12:30:00+05:30', 'd0000000-0000-0000-0000-000000000005', 'a0000000-0000-0000-0000-000000000001'),
  ( 1194.00, 6, '2026-05-29 15:45:00+05:30', 'd0000000-0000-0000-0000-000000000010', 'a0000000-0000-0000-0000-000000000001'),
  ( 7998.00, 2, '2026-05-30 10:00:00+05:30', 'd0000000-0000-0000-0000-000000000007', 'a0000000-0000-0000-0000-000000000001'),
  ( 1499.00, 1, '2026-05-30 14:20:00+05:30', 'd0000000-0000-0000-0000-000000000004', 'a0000000-0000-0000-0000-000000000001'),
  ( 1198.00, 2, '2026-05-31 11:30:00+05:30', 'd0000000-0000-0000-0000-000000000009', 'a0000000-0000-0000-0000-000000000001'),
  (  999.00, 1, '2026-05-31 16:00:00+05:30', 'd0000000-0000-0000-0000-000000000013', 'a0000000-0000-0000-0000-000000000001'),
  ( 1999.00, 1, '2026-05-31 18:30:00+05:30', 'd0000000-0000-0000-0000-000000000003', 'a0000000-0000-0000-0000-000000000001'),
  ( 4998.00, 2, '2026-06-01 10:00:00+05:30', 'd0000000-0000-0000-0000-000000000001', 'a0000000-0000-0000-0000-000000000001'),
  ( 1047.00, 3, '2026-06-01 15:30:00+05:30', 'd0000000-0000-0000-0000-000000000008', 'a0000000-0000-0000-0000-000000000001');

COMMIT;
